{
    "$BuildId": "__BuildId__",
    "$schema": "../SecretDefinition.schema.json",
    "ContentVersion": "2022.4.1.1",
    "Secrets": [
        {
            "Default": {
                "ValueType": "EmptyString"
            },
            "Name": "AadAuthorityUri",
            "SetBy": "Manual",
            "UsedBy": [
                "TBD"
            ]
        },
        {
            "Default": {
                "ValueType": "EmptyString"
            },
            "Name": "AppConfigReadOnlyConnectionString",
            "SetBy": "AppConfiguration.template.json",
            "UsedBy": []
        },
        {
            "Default": {
                "ValueType": "EmptyString"
            },
            "Name": "CosmosDbConnectionString",
            "SetBy": "ARM template - CosmosDb.template.json",
            "UsedBy": [
                "TBD"
            ]
        },
        {
            "Default": {
                "ValueType": "EmptyString"
            },
            "Name": "CosmosKey",
            "SetBy": "ARM template - CosmosDb.template.json",
            "UsedBy": [
                "TBD"
            ]
        },
        {
            "Default": {
                "ValueType": "EmptyString"
            },
            "Name": "CosmosUri",
            "SetBy": "ARM template - CosmosDb.template.json",
            "UsedBy": [
                "TBD"
            ]
        },
        {
            "Default": {
                "ValueType": "EmptyString"
            },
            "Name": "InstrumentationKey",
            "SetBy": "LogAnalytics_KeyVaultSecrets.template.json",
            "UsedBy": [
                "All components"
            ]
        },
        {
            "Default": {
                "ValueType": "EmptyString"
            },
            "Name": "LogAnalyticsWorkspaceId",
            "SetBy": "LogAnalytics_KeyVaultSecrets.template.json",
            "UsedBy": [
                "TBD"
            ]
        },
        {
            "Default": {
                "ValueType": "EmptyString"
            },
            "Name": "LogAnalyticsWorkspaceKey",
            "SetBy": "LogAnalytics_KeyVaultSecrets.template.json",
            "UsedBy": [
                "TBD"
            ]
        },
        {
            "Default": {
                "ValueType": "NewGUID"
            },
            "Name": "SqlAdministratorPassword",
            "SetBy": "Secret definition",
            "UsedBy": [
                "SQL Database",
                "Synapse Workspace"
            ]
        },
        {
            "Default": {
                "Value": "mercadmin"
            },
            "Name": "SqlAdministratorUserName",
            "SetBy": "Secret definition",
            "UsedBy": [
                "SQL Database",
                "Synapse Workspace"
            ]
        }
    ]
}