{
    "$id": "https://mercury.microsoft.com/SecretDefinitions.schema.json",
    "$schema": "http://json-schema.org/draft-07/schema#",
    "definitions": {
        "ContentVersion": {
            "pattern": "^[0-9]{1,4}\\.[0-9]{1,4}\\.[0-9]{1,4}\\.[0-9]{1,4}$",
            "type": "string"
        },
        "KeyVault_SecretDefinition": {
            "properties": {
                "ContentType": {
                    "type": "string"
                },
                "Default": {
                    "oneOf": [
                        {
                            "required": [
                                "Value"
                            ]
                        },
                        {
                            "required": [
                                "ValueType"
                            ]
                        }
                    ],
                    "properties": {
                        "Value": {
                            "minLength": 1,
                            "type": "string"
                        },
                        "ValueType": {
                            "enum": [
                                "EmptyString",
                                "NewGUID"
                            ],
                            "type": "string",
                            "default": "EmptyString"
                        }
                    },
                    "type": "object"
                },
                "Description": {
                    "type": "string"
                },
                "Name": {
                    "$ref": "#/definitions/KeyVault_SecretName"
                },
                "SetBy": {
                    "type": "string",
                    "default": ""
                },
                "UsedBy": {
                    "items": {
                        "type": "string"
                    },
                    "type": "array",
                    "default": [""]
                }
            },
            "required": [
                "Default",
                "Name",
                "SetBy",
                "UsedBy"
            ],
            "type": "object"
        },
        "KeyVault_SecretName": {
            "maxLength": 127,
            "minLength": 1,
            "pattern": "^[A-Za-z0-9-]{1,127}$",
            "type": "string",
            "default": ""
        }
    },
    "properties": {
        "ContentVersion": {
            "$ref": "#/definitions/ContentVersion"
        },
        "Secrets": {
            "default": [],
            "items": {
                "$ref": "#/definitions/KeyVault_SecretDefinition"
            },
            "title": "Key Vault secret initialization configuration",
            "type": "array"
        }
    },
    "required": [
        "$schema",
        "ContentVersion",
        "Secrets"
    ],
    "type": "object"
}