{
    "$schema": "https://schema.management.azure.com/schemas/2019-04-01/deploymentTemplate.json#",
    "contentVersion": "2022.03.29.1",
    "parameters": {
        "AppConfig_Name": {
            "type": "string",
            "minLength": 3
        },
        "CosmosDb_Account_Name": {
            "type": "string",
            "metadata": {
                "description": "Cosmos DB account name, max length 44 characters"
            }
        },
        "KeyVault_Name": {
            "maxLength": 24,
            "minLength": 3,
            "type": "String"
        },
        "ResourceGroup_Name": {
            "type": "string"
        },
        "SpnPassword": {
            "type": "securestring",
            "defaultValue": ""
        }
    },
    "variables": {
        "CosmosDb_AccountName_LowerCase": "[toLower(parameters('CosmosDb_Account_Name'))]"
    },
    "resources": [
        {
            "type": "Microsoft.KeyVault/vaults/secrets",
            "name": "[concat(parameters('KeyVault_Name'), '/AppConfigReadOnlyConnectionString')]",
            "apiVersion": "2019-09-01",
            "properties": {
                "value": "[listKeys(resourceId(parameters('ResourceGroup_Name'), 'Microsoft.AppConfiguration/configurationStores', parameters('AppConfig_Name')), '2020-06-01').value[3].connectionString]",
                "contentType": "App Config read-only connection string - Set automatically by ARM template deployment"
            }
        },
        {
            "type": "Microsoft.KeyVault/vaults/secrets",
            "name": "[concat(parameters('KeyVault_Name'), '/CosmosDbConnectionString')]",
            "apiVersion": "2019-09-01",
            "properties": {
                "value": "[listConnectionStrings(resourceId(parameters('ResourceGroup_Name'),'Microsoft.DocumentDB/databaseAccounts', variables('CosmosDb_AccountName_LowerCase')), '2021-07-01-preview').connectionStrings[0].connectionString]",
                "contentType": "Cosmos Db connection string - Set automatically by ARM template deployment"
            }
        },
        {
            "type": "Microsoft.KeyVault/vaults/secrets",
            "name": "[concat(parameters('KeyVault_Name'), '/CosmosKey')]",
            "apiVersion": "2019-09-01",
            "properties": {
                "value": "[listKeys(resourceId(parameters('ResourceGroup_Name'), 'Microsoft.DocumentDB/databaseAccounts', variables('CosmosDb_AccountName_LowerCase')), '2021-07-01-preview').primaryMasterKey]",
                "contentType": "Cosmos Db account key - Set automatically by ARM template deployment"
            }
        },
        {
            "type": "Microsoft.KeyVault/vaults/secrets",
            "name": "[concat(parameters('KeyVault_Name'), '/CosmosUri')]",
            "apiVersion": "2019-09-01",
            "properties": {
                "value": "[reference(resourceId(parameters('ResourceGroup_Name'), 'Microsoft.DocumentDB/databaseAccounts', variables('CosmosDb_AccountName_LowerCase')), '2021-07-01-preview').documentEndpoint]",
                "contentType": "Cosmos Db connection URI - Set automatically by ARM template deployment"
            }
        },
        {
            "type": "Microsoft.KeyVault/vaults/secrets",
            "name": "[concat(parameters('KeyVault_Name'), '/SpnPassword')]",
            "apiVersion": "2019-09-01",
            "condition": "[not(empty(parameters('SpnPassword')))]",
            "properties": {
                "value": "[parameters('SpnPassword')]",
                "contentType": "Service principal password - Set automatically by ARM template deployment"
            }
        }
    ]
}