{
    "$schema": "https://schema.management.azure.com/schemas/2019-04-01/deploymentTemplate.json#",
    "contentVersion": "2022.3.3.1",
    "parameters": {
        "CreateDeleteLocks": {
            "defaultValue": false,
            "metadata": {
                "description": "If true, the deployment will create delete locks on the created resources. The deployment principal requires the resource group Owner or User Access Administrator role for this to succeed."
            },
            "type": "bool"
        },
        "KeyVault_Name": {
            "metadata": {
                "description": "(Optional) Name of the Azure Key Vault to store **InstrumentationKey** secret"
            },
            "type": "String",
            "defaultValue": ""
        },
        "KeyVault_ResourceGroupName": {
            "metadata": {
                "description": "Resource group name of the Key Vault resource if it is in a separate resource group. Defaults to the current resource group"
            },
            "type": "string",
            "defaultValue": "[resourceGroup().name]"
        },
        "Location": {
            "type": "string"
        },
        "LogAnalyticsWorkspace_AddSecretsToKeyVault": {
            "type": "bool",
            "defaultValue": false
        },
        "LogAnalyticsWorkspace_Name": {
            "metadata": {
                "description": "Log Analytics workspace used for diagnostic data"
            },
            "type": "string"
        },
        "LogAnalyticsWorkspace_RetentionInDays": {
            "type": "int",
            "defaultValue": 30
        }
    },
    "variables": {
        "LogAnalyticsWorkspace_ResourceId": "[resourceId('Microsoft.OperationalInsights/workspaces', parameters('LogAnalyticsWorkspace_Name'))]"
    },
    "resources": [
        {
            "type": "Microsoft.OperationalInsights/workspaces",
            "apiVersion": "2021-06-01",
            "name": "[parameters('LogAnalyticsWorkspace_Name')]",
            "location": "[parameters('Location')]",
            "properties": {
                "sku": {
                    "name": "PerGB2018"
                },
                "retentionInDays": "[max(createArray(parameters('LogAnalyticsWorkspace_RetentionInDays'), 30))]",
                "workspaceCapping": {
                    "dailyQuotaGb": -1
                },
                "publicNetworkAccessForIngestion": "Enabled",
                "publicNetworkAccessForQuery": "Enabled"
            },
            "resources": [
                {
                    "type": "microsoft.operationalinsights/workspaces/providers/diagnosticsettings",
                    "name": "[concat(parameters('LogAnalyticsWorkspace_Name'), '/Microsoft.Insights/Send to Log Analytics')]",
                    "apiVersion": "2017-05-01-preview",
                    "location": "[parameters('Location')]",
                    "dependsOn": [
                        "[resourceId('microsoft.operationalinsights/workspaces', parameters('LogAnalyticsWorkspace_Name'))]"
                    ],
                    "condition": "[not(empty(parameters('LogAnalyticsWorkspace_Name')))]",
                    "properties": {
                        "workspaceId": "[variables('LogAnalyticsWorkspace_ResourceId')]",
                        "logs": [
                            {
                                "category": "Audit",
                                "enabled": true
                            }
                        ],
                        "metrics": [
                            {
                                "category": "AllMetrics",
                                "enabled": true
                            }
                        ]
                    }
                },
                {
                    "condition": "[parameters('CreateDeleteLocks')]",
                    "name": "Microsoft.Authorization/Do Not Delete",
                    "type": "providers/locks",
                    "apiVersion": "2016-09-01",
                    "dependsOn": [
                        "[resourceId('Microsoft.OperationalInsights/workspaces', parameters('LogAnalyticsWorkspace_Name'))]"
                    ],
                    "properties": {
                        "level": "CanNotDelete"
                    }
                }
            ]
        },
        {
            "type": "Microsoft.Resources/deployments",
            "apiVersion": "2019-10-01",
            "name": "KeyVault-LogAnalyticsSecrets",
            "resourceGroup": "[parameters('KeyVault_ResourceGroupName')]",
            "dependsOn": [
                "[resourceId('Microsoft.OperationalInsights/workspaces', parameters('LogAnalyticsWorkspace_Name'))]"
            ],
            "condition": "[and(parameters('LogAnalyticsWorkspace_AddSecretsToKeyVault'), not(empty(parameters('KeyVault_Name'))))]",
            "properties": {
                "mode": "Incremental",
                "template": {
                    "$schema": "https://schema.management.azure.com/schemas/2019-04-01/deploymentTemplate.json#",
                    "contentVersion": "2021.04.20.1",
                    "resources": [
                        {
                            "type": "Microsoft.KeyVault/vaults/secrets",
                            "name": "[concat(parameters('KeyVault_Name'), '/LogAnalyticsWorkspaceId')]",
                            "apiVersion": "2019-09-01",
                            "properties": {
                                "value": "[reference(resourceId(resourceGroup().name, 'Microsoft.OperationalInsights/workspaces', parameters('LogAnalyticsWorkspace_Name')), '2020-03-01-preview').customerId]",
                                "contentType": "Log Analytics diagnostics workspace id - Set automatically by ARM template deployment"
                            }
                        },
                        {
                            "type": "Microsoft.KeyVault/vaults/secrets",
                            "name": "[concat(parameters('KeyVault_Name'), '/LogAnalyticsWorkspaceKey')]",
                            "apiVersion": "2019-09-01",
                            "properties": {
                                "value": "[listKeys(resourceId(resourceGroup().name, 'Microsoft.OperationalInsights/workspaces', parameters('LogAnalyticsWorkspace_Name')), '2020-03-01-preview').primarySharedKey]",
                                "contentType": "Log Analytics diagnostics workspace key - Set automatically by ARM template deployment"
                            }
                        }

                    ]
                }
            }
        }
    ],
    "outputs": {
        "LogAnalyticsWorkspace_Name": {
            "type": "string",
            "value": "[parameters('LogAnalyticsWorkspace_Name')]"
        },
        "LogAnalyticsWorkspace_Reference": {
            "type": "object",
            "value": "[reference(parameters('LogAnalyticsWorkspace_Name'), '2015-11-01-preview')]"
        },
	"LogAnalyticsWorkspace_WorkspaceId": {
            "type": "string",
            "value": "[reference(parameters('LogAnalyticsWorkspace_Name'), '2020-03-01-preview').customerId]"
        }
    }
}