{
	"name": "ABC_SD_1",
	"properties": {
		"targetBigDataPool": {
			"type": "BigDataPoolReference"
		},
		"language": "scala",
		"jobProperties": {
			"name": "ABC_SD_1",
			"conf": {
				"spark.dynamicAllocation.enabled": "false",
				"spark.dynamicAllocation.minExecutors": "2",
				"spark.dynamicAllocation.maxExecutors": "2",
				"spark.autotune.trackingId": "40647894-399d-4071-9aee-862ed2039fa1"
			},
			"args": [],
			"jars": [],
			"pyFiles": [],
			"files": [],
			"numExecutors": 2
		}
	}
}