{
	"name": "GSP_SPJD_1",
	"properties": {
		"targetBigDataPool": {
			"type": "BigDataPoolReference"
		},
		"language": "scala",
		"jobProperties": {
			"name": "GSP_SPJD_1",
			"file": "",
			"conf": {
				"spark.dynamicAllocation.enabled": "false",
				"spark.dynamicAllocation.minExecutors": "2",
				"spark.dynamicAllocation.maxExecutors": "2",
				"spark.autotune.trackingId": "22c0d1b5-dbe8-48b1-9a6b-2f2ed339c3ed"
			},
			"args": [],
			"jars": [],
			"pyFiles": [],
			"files": [],
			"numExecutors": 2
		}
	}
}