{
	"name": "DataProcessingPipeline",
	"properties": {
		"activities": [
			{
				"name": "DataProcessing job",
				"type": "SparkJob",
				"dependsOn": [],
				"policy": {
					"timeout": "4:00:00",
					"retry": 0,
					"retryIntervalInSeconds": 30,
					"secureOutput": false,
					"secureInput": false
				},
				"userProperties": [],
				"typeProperties": {
					"sparkJob": {
						"referenceName": "DataProcessing",
						"type": "SparkJobDefinitionReference"
					}
				}
			}
		],
		"annotations": []
	}
}